[
    {
      "function": "minecraft:set_components",
      "components": {
        "minecraft:death_protection": {
          "death_effects": [
            {
              "type": "minecraft:apply_effects",
              "effects": [
                {
                  "id": "minecraft:resistance",
                  "amplifier": 3,
                  "duration": 200,
                  "ambient": true,
                  "show_particles": false,
                  "show_icon": false
                }
              ]
            }
          ]
        }
      }
    }
  ]
  