{
    "biomes": "#enchantencore:has_structure/grassland",
    "spawn_overrides": {
      "monster": {
        "bounding_box": "full",
        "spawns": [
          {
            "type": "minecraft:illusioner",
            "weight": 1,
            "minCount": 1,
            "maxCount": 2
          },
          {
            "type": "minecraft:witch",
            "weight": 1,
            "minCount": 1,
            "maxCount": 2
          }
        ]
      }
    },
    "type": "minecraft:jigsaw",
    "start_pool": "enchantencore:rise/start",
    "size": 3,
    "step": "surface_structures",
    "start_height": {
      "absolute": 0
    },
    "project_start_to_heightmap": "WORLD_SURFACE_WG",
    "max_distance_from_center": 116,
    "terrain_adaptation": "beard_box",
    "use_expansion_hack": false
  }