{
  "values": [
    {"id": "enchantencore:angry_aura","required": false},
    {"id": "enchantencore:aquatic_aura","required": false},
    {"id": "enchantencore:bane_of_bosses","required": false},
    {"id": "enchantencore:bane_of_endborn","required": false},
    {"id": "enchantencore:bane_of_netherborn","required": false},
    {"id": "enchantencore:bane_of_raiders","required": false},
    {"id": "enchantencore:bear_spirit","required": false},
    {"id": "enchantencore:boar_spirit","required": false},
    {"id": "enchantencore:boltbringer","required": false},
    {"id": "enchantencore:bomber","required": false},
    {"id": "enchantencore:bulletproof","required": false},
    {"id": "enchantencore:bunny_hop","required": false},
    {"id": "enchantencore:cleansing","required": false},
    {"id": "enchantencore:crab_claw","required": false},
    {"id": "enchantencore:creeper_alloy","required": false},
    {"id": "enchantencore:crispbread","required": false},
    {"id": "enchantencore:crop_dance","required": false},
    {"id": "enchantencore:cushion","required": false},
    {"id": "enchantencore:darkness_alloy","required": false},
    {"id": "enchantencore:day_protection","required": false},
    {"id": "enchantencore:echoing_aura","required": false},
    {"id": "enchantencore:electric_walker","required": false},
    {"id": "enchantencore:enchant.txt","required": false},
    {"id": "enchantencore:enchanted_aura","required": false},
    {"id": "enchantencore:end_protection","required": false},
    {"id": "enchantencore:end_speed","required": false},
    {"id": "enchantencore:ender_aura","required": false},
    {"id": "enchantencore:ender_shot","required": false},
    {"id": "enchantencore:enderscape","required": false},
    {"id": "enchantencore:evokers_wrath","required": false},
    {"id": "enchantencore:fetch","required": false},
    {"id": "enchantencore:fire_alloy","required": false},
    {"id": "enchantencore:flaming_aura","required": false},
    {"id": "enchantencore:flare","required": false},
    {"id": "enchantencore:forge_shot","required": false},
    {"id": "enchantencore:gallop","required": false},
    {"id": "enchantencore:ghost_spirit","required": false},
    {"id": "enchantencore:gluttony","required": false},
    {"id": "enchantencore:grass_walker","required": false},
    {"id": "enchantencore:growth","required": false},
    {"id": "enchantencore:guard","required": false},
    {"id": "enchantencore:handyman","required": false},
    {"id": "enchantencore:hardened","required": false},
    {"id": "enchantencore:haste","required": false},
    {"id": "enchantencore:heavenly_aura","required": false},
    {"id": "enchantencore:heroes_crown","required": false},
    {"id": "enchantencore:hunger_aspect","required": false},
    {"id": "enchantencore:ice_alloy","required": false},
    {"id": "enchantencore:illumination","required": false},
    {"id": "enchantencore:implosion","required": false},
    {"id": "enchantencore:infested_aspect","required": false},
    {"id": "enchantencore:invisibility_cloak","required": false},
    {"id": "enchantencore:leaf_jumper","required": false},
    {"id": "enchantencore:leech","required": false},
    {"id": "enchantencore:levitation_aspect","required": false},
    {"id": "enchantencore:lightning_bolt","required": false},
    {"id": "enchantencore:lingering","required": false},
    {"id": "enchantencore:lovely_aura","required": false},
    {"id": "enchantencore:lush_aura","required": false},
    {"id": "enchantencore:magma_walker","required": false},
    {"id": "enchantencore:moonwalk","required": false},
    {"id": "enchantencore:muddy_aura","required": false},
    {"id": "enchantencore:nether_protection","required": false},
    {"id": "enchantencore:night_protection","required": false},
    {"id": "enchantencore:night_vision","required": false},
    {"id": "enchantencore:ominous_aura","required": false},
    {"id": "enchantencore:ominous_healing","required": false},
    {"id": "enchantencore:ominous_rain","required": false},
    {"id": "enchantencore:oozing_aspect","required": false},
    {"id": "enchantencore:pacifier","required": false},
    {"id": "enchantencore:pale_aura","required": false},
    {"id": "enchantencore:path_speed","required": false},
    {"id": "enchantencore:pegasus","required": false},
    {"id": "enchantencore:phantom_menace","required": false},
    {"id": "enchantencore:pickpocket","required": false},
    {"id": "enchantencore:ping_tag","required": false},
    {"id": "enchantencore:poison_aspect","required": false},
    {"id": "enchantencore:poppy_peace","required": false},
    {"id": "enchantencore:propeller","required": false},
    {"id": "enchantencore:pufferfish","required": false},
    {"id": "enchantencore:rabbit_foot","required": false},
    {"id": "enchantencore:rejuvenation","required": false},
    {"id": "enchantencore:replenish","required": false},
    {"id": "enchantencore:sacrifice","required": false},
    {"id": "enchantencore:safe_landing","required": false},
    {"id": "enchantencore:sand_speed","required": false},
    {"id": "enchantencore:scent","required": false},
    {"id": "enchantencore:scholar_of_blocks","required": false},
    {"id": "enchantencore:scholar_of_mobs","required": false},
    {"id": "enchantencore:scorpion_spirit","required": false},
    {"id": "enchantencore:sea_breeze","required": false},
    {"id": "enchantencore:seeker","required": false},
    {"id": "enchantencore:shrinkage","required": false},
    {"id": "enchantencore:shulker_shell","required": false},
    {"id": "enchantencore:slowness_aspect","required": false},
    {"id": "enchantencore:sonic","required": false},
    {"id": "enchantencore:sparking_aura","required": false},
    {"id": "enchantencore:sticky_aura","required": false},
    {"id": "enchantencore:sting","required": false},
    {"id": "enchantencore:strafe","required": false},
    {"id": "enchantencore:summer_walker","required": false},
    {"id": "enchantencore:swift_slash","required": false},
    {"id": "enchantencore:switch","required": false},
    {"id": "enchantencore:thorns_protection","required": false},
    {"id": "enchantencore:trial_aura","required": false},
    {"id": "enchantencore:trial_runner","required": false},
    {"id": "enchantencore:weakness_aspect","required": false},
    {"id": "enchantencore:weaving_aspect","required": false},
    {"id": "enchantencore:wind_aspect","required": false},
    {"id": "enchantencore:wither_aspect","required": false},
    {"id": "enchantencore:wither_protection","required": false}
  ]
}