{
  "values": [
    {
      "id": "#enchantencore:alloy",
      "required": false
    },
    {
      "id": "#enchantencore:curse",
      "required": false
    },
    {
      "id": "enchantencore:magma_walker",
      "required": false
    },
    {
      "id": "enchantencore:crop_dance",
      "required": false
    },
    {
      "id": "enchantencore:summer_walker",
      "required": false
    },
    {
      "id": "enchantencore:grass_walker",
      "required": false
    },
    {
      "id": "enchantencore:electric_walker",
      "required": false
    },
    {
      "id": "enchantencore:bomber",
      "required": false
    },
    {
      "id": "enchantencore:bulletproof",
      "required": false
    },
    {
      "id": "enchantencore:bunny_hop",
      "required": false
    },
    {
      "id": "enchantencore:cleansing",
      "required": false
    },
    {
      "id": "enchantencore:crispbread",
      "required": false
    },
    {
      "id": "enchantencore:end_speed",
      "required": false
    },
    {
      "id": "enchantencore:gluttony",
      "required": false
    },
    {
      "id": "enchantencore:invisibility_cloak",
      "required": false
    },
    {
      "id": "enchantencore:leech",
      "required": false
    },
    {
      "id": "enchantencore:sacrifice",
      "required": false
    },
    {
      "id": "enchantencore:moonwalk",
      "required": false
    },
    {
      "id": "enchantencore:ominous_healing",
      "required": false
    },
    {
      "id": "enchantencore:ominous_rain",
      "required": false
    },
    {
      "id": "enchantencore:pacifier",
      "required": false
    },
    {
      "id": "enchantencore:rejuvenation",
      "required": false
    },
    {
      "id": "enchantencore:sand_speed",
      "required": false
    },
    {
      "id": "enchantencore:path_speed",
      "required": false
    },
    {
      "id": "enchantencore:sonic",
      "required": false
    },
    {
      "id": "enchantencore:switch",
      "required": false
    },
    {
      "id": "enchantencore:haste",
      "required": false
    },
    {
      "id": "enchantencore:boltbringer",
      "required": false
    },
    {
      "id": "enchantencore:flare",
      "required": false
    },
    {
      "id": "enchantencore:shulker_shell",
      "required": false
    },
    {
      "id": "enchantencore:leaf_jumper",
      "required": false
    },
    {
      "id": "enchantencore:boar_spirit",
      "required": false
    },
    {
      "id": "enchantencore:bear_spirit",
      "required": false
    },
    {
      "id": "enchantencore:scorpion_spirit",
      "required": false
    },
    {
      "id": "enchantencore:trial_runner",
      "required": false
    },
    {
      "id": "enchantencore:heroes_crown",
      "required": false
    }
  ]
}
