{
    "description": {
      "translate": "enchantment.enchantencore.boar_spirit"
    },
    "exclusive_set": "#enchantencore:exclusive_set/spirit_wolf",
    "supported_items": "minecraft:wolf_armor",
    "weight": 1,
    "max_level": 1,
    "min_cost": {
      "base": 30,
      "per_level_above_first": 20
    },
    "max_cost": {
      "base": 60,
      "per_level_above_first": 20
    },
    "anvil_cost": 4,
    "slots": [
      "body"
    ],
    "effects": {
      "minecraft:attributes": [
        {
          "id": "enchantencore:boar_scale",
          "attribute": "minecraft:scale",
          "amount": 0.25,
          "operation": "add_multiplied_total"
        },
        {
          "id": "enchantencore:boar_armor",
          "attribute": "minecraft:armor",
          "amount": 5,
          "operation": "add_value"
        },
        {
          "id": "enchantencore:boar_atck_spd",
          "attribute": "minecraft:attack_speed",
          "amount": -1.5,
          "operation": "add_value"
        }
      ],
      "minecraft:post_attack": [
        {
          "enchanted": "victim",
          "affected": "victim",
          "effect": {
            "type": "minecraft:apply_mob_effect",
            "to_apply": "minecraft:strength",
            "min_duration": 0,
            "max_duration": 5,
            "min_amplifier": 0,
            "max_amplifier": 2
          },
          "requirements": {
            "condition": "minecraft:random_chance",
            "chance": 0.15
          }
        },
        {
          "enchanted": "victim",
          "affected": "victim",
          "effect": {
            "type": "minecraft:apply_mob_effect",
            "to_apply": "minecraft:speed",
            "min_duration": 0,
            "max_duration": 5,
            "min_amplifier": 0,
            "max_amplifier": 4
          },
          "requirements": {
            "condition": "minecraft:random_chance",
            "chance": 0.15
          }
        }
      ]
    }
  }
  