{
  "description": {
    "translate": "enchantment.enchantencore.bomber"
  },
  "exclusive_set": "#enchantencore:exclusive_set/shot_arrow",
  "supported_items": "#enchantencore:all_bows",
  "weight": 1,
  "max_level": 2,
  "min_cost": {
    "base": 21,
    "per_level_above_first": 10
  },
  "max_cost": {
    "base": 36,
    "per_level_above_first": 10
  },
  "anvil_cost": 6,
  "slots": [
    "mainhand"
  ],
  "effects": {
    "minecraft:post_attack": [
      {
        "enchanted": "attacker",
        "affected": "victim",
        "effect": {
          "type": "minecraft:explode",
          "damage_type": "minecraft:explosion",
          "radius": {
            "type": "minecraft:linear",
            "base": 1.0,
            "per_level_above_first": 0.5
          },
          "offset": [
            0,
            0.5,
            0
          ],
          "block_interaction": "none",
          "small_particle": {
            "type": "minecraft:gust_emitter_small"
          },
          "large_particle": {
            "type": "minecraft:gust_emitter_large"
          },
          "sound": "minecraft:entity.generic.explode",
          "immune_blocks": "#minecraft:blocks_wind_charge_explosions",
          "knockback_multiplier": {
            "type": "minecraft:linear",
            "base": 0.5,
            "per_level_above_first": 0.25
          }
        },
        "requirements": {
          "condition": "minecraft:entity_properties",
          "entity": "direct_attacker",
          "predicate": {
            "type": "#enchantencore:hard_projectiles"
          }
        }
      }
    ],
    "minecraft:hit_block": [
      {
        "effect": {
          "type": "minecraft:explode",
          "damage_type": "minecraft:explosion",
          "radius": {
            "type": "minecraft:linear",
            "base": 1.0,
            "per_level_above_first": 0.5
          },
          "offset": [
            0,
            0.5,
            0
          ],
          "block_interaction": "none",
          "small_particle": {
            "type": "minecraft:gust_emitter_small"
          },
          "large_particle": {
            "type": "minecraft:gust_emitter_large"
          },
          "sound": "minecraft:entity.generic.explode",
          "immune_blocks": "#minecraft:blocks_wind_charge_explosions",
          "knockback_multiplier": {
            "type": "minecraft:linear",
            "base": 0.5,
            "per_level_above_first": 0.25
          }
        },
        "requirements": {
          "condition": "minecraft:entity_properties",
          "entity": "this",
          "predicate": {
            "type": "#enchantencore:hard_projectiles"
          }
        }
      }
    ]
  }
}
