{
  "description": {
    "translate": "enchantment.enchantencore.crop_dance"
  },
  "exclusive_set": "#minecraft:exclusive_set/boots",
  "supported_items": "#minecraft:enchantable/foot_armor",
  "weight": 2,
  "max_level": 1,
  "min_cost": {
    "base": 10,
    "per_level_above_first": 10
  },
  "max_cost": {
    "base": 25,
    "per_level_above_first": 10
  },
  "anvil_cost": 4,
  "slots": [
    "feet"
  ],
  "effects": {
    "minecraft:tick": [
      {
        "effect": {
          "type": "minecraft:spawn_particles",
          "particle": {
            "type": "minecraft:end_rod"
          },
          "horizontal_position": {
            "type": "in_bounding_box"
          },
          "vertical_position": {
            "type": "in_bounding_box",
            "offset": 0.5
          },
          "horizontal_velocity": {
            "base": {
              "type": "minecraft:uniform",
              "min_inclusive": -2,
              "max_exclusive": 2
            }
          },
          "vertical_velocity": {
            "base": {
              "type": "minecraft:uniform",
              "min_inclusive": -2,
              "max_exclusive": 2
            }
          },
          "speed": 0.05
        },
        "requirements": {
          "condition": "minecraft:entity_properties",
          "entity": "this",
          "predicate": {
            "location": {
              "block": {
                "blocks": "minecraft:farmland"
              }
            },
            "flags": {
              "is_on_ground": true,
              "is_sneaking": true
            }
          }
        }
      },
      {
        "effect": {
          "type": "minecraft:change_item_damage",
          "amount": {
            "type": "minecraft:clamped",
            "value": 1,
            "min": 0.5,
            "max": 1.5
          }
        },
        "requirements": {
          "condition": "minecraft:entity_properties",
          "entity": "this",
          "predicate": {
            "location": {
              "block": {
                "blocks": "minecraft:farmland"
              }
            },
            "flags": {
              "is_on_ground": true,
              "is_sneaking": true
            }
          }
        }
      },
      {
        "effect": {
          "type": "minecraft:run_function",
          "function": "enchantencore:crop_dance/run"
        },
        "requirements": {
          "condition": "minecraft:entity_properties",
          "entity": "this",
          "predicate": {
            "location": {
              "block": {
                "blocks": "minecraft:farmland"
              }
            },
            "flags": {
              "is_on_ground": true,
              "is_sneaking": true
            },
            "periodic_tick": 5
          }
        }
      }
    ]
  }
}
