{
  "description": {
    "translate": "enchantment.enchantencore.end_protection"
  },
  "exclusive_set": "#minecraft:exclusive_set/armor",
  "supported_items": "#minecraft:enchantable/armor",
  "weight": 10,
  "max_level": 4,
  "min_cost": {
    "base": 1,
    "per_level_above_first": 11
  },
  "max_cost": {
    "base": 12,
    "per_level_above_first": 11
  },
  "anvil_cost": 1,
  "slots": [
    "armor"
  ],
  "effects": {
    "minecraft:damage_protection": [
      {
        "effect": {
          "type": "minecraft:add",
          "value": {
            "type": "minecraft:linear",
            "base": 2,
            "per_level_above_first": 2
          }
        },
        "requirements": {
          "condition": "minecraft:all_of",
          "terms": [
            {
              "condition": "minecraft:damage_source_properties",
              "predicate": {
                "tags": [
                  {
                    "id": "minecraft:bypasses_invulnerability",
                    "expected": false
                  }
                ]
              }
            },
            {
              "condition": "minecraft:location_check",
              "predicate": {
                "dimension": "minecraft:the_end"
              }
            }
          ]
        }
      }
    ]
  }
}
