{
    "description": {
    "translate": "enchantment.enchantencore.fire_alloy"
  },
    "exclusive_set": "#enchantencore:exclusive_set/alloy",
    "supported_items": "#minecraft:chest_armor",
    "weight": 5,
    "max_level": 3,
    "min_cost": {
      "base": 1,
      "per_level_above_first": 11
    },
    "max_cost": {
      "base": 12,
      "per_level_above_first": 11
    },
    "anvil_cost": 1,
    "slots": [
      "chest"
    ],
    "effects": {
      "minecraft:post_attack": [
        {
          "enchanted": "victim",
          "affected": "attacker",
          "effect": {
            "type": "minecraft:ignite",
            "duration": {
              "type": "minecraft:linear",
              "base": 5,
              "per_level_above_first": 3
            }
          }
        }
      ]
    }
  }
  