{
  "description": {
    "translate": "enchantment.enchantencore.leaf_jumper"
  },
  "exclusive_set": "#enchantencore:exclusive_set/boots",
  "supported_items": "#minecraft:enchantable/foot_armor",
  "weight": 2,
  "max_level": 1,
  "min_cost": {
    "base": 10,
    "per_level_above_first": 10
  },
  "max_cost": {
    "base": 40,
    "per_level_above_first": 10
  },
  "anvil_cost": 4,
  "slots": [
    "feet"
  ],
  "effects": {
    "minecraft:tick": [
      {
        "effect": {
          "type": "minecraft:change_item_damage",
          "amount": 1
        },
        "requirements": {
          "condition": "minecraft:all_of",
          "terms": [
            {
              "condition": "minecraft:entity_properties",
              "entity": "this",
              "predicate": {
                "type": "minecraft:player",
                "type_specific": {
                  "type": "minecraft:player",
                  "input": {
                    "jump": true
                  }
                }
              }
            },
            {
              "condition": "minecraft:random_chance",
              "chance": 0.4
            }
          ]
        }
      },
      {
        "effect": {
          "type": "minecraft:run_function",
          "function": "enchantencore:leaf_jumper/run"
        },
        "requirements": {
          "condition": "minecraft:entity_properties",
          "entity": "this",
          "predicate": {
            "type": "minecraft:player",
            "type_specific": {
              "type": "minecraft:player",
              "input": {
                "jump": true
              }
            }
          }
        }
      }
    ]
  }
}