{
    "description": {
      "translate": "enchantment.enchantencore.lingering"
    },
    "supported_items": "#enchantencore:all_bows",
    "primary_items": "minecraft:bow",
    "weight": 3,
    "max_level": 1,
    "min_cost": {
      "base": 21,
      "per_level_above_first": 10
    },
    "max_cost": {
      "base": 51,
      "per_level_above_first": 10
    },
    "anvil_cost": 4,
    "slots": [
      "mainhand"
    ],
    "effects": {
      "minecraft:hit_block": [
        {
          "effect": {
            "type": "minecraft:run_function",
            "function": "enchantencore:lingering/init"
          },
          "requirements": {
            "condition": "minecraft:entity_properties",
            "entity": "this",
            "predicate": {
              "type": "#minecraft:arrows"
            }
          }
        }
      ]
    }
  }