{
    "description": {
    "translate": "enchantment.enchantencore.ominous_rain"
  },
    "exclusive_set": "#enchantencore:exclusive_set/pufferfish",
    "supported_items": "#minecraft:enchantable/trident",
    "weight": 2,
    "max_level": 1,
    "min_cost": {
      "base": 35,
      "per_level_above_first": 7
    },
    "max_cost": {
      "base": 50,
      "per_level_above_first": 0
    },
    "anvil_cost": 4,
    "slots": [
      "hand"
    ],
    "effects": {
      "minecraft:post_attack": [
        {
          "enchanted": "attacker",
          "affected": "victim",
          "effect": {
            "type": "minecraft:run_function",
            "function": "enchantencore:ominous_rain"
          }
        }
      ],
      "minecraft:hit_block": [
        {
          "effect": {
            "type": "minecraft:run_function",
            "function": "enchantencore:ominous_rain"
          }
        }
      ]
    }
  }
  