{
	"description": {
		"translate": "enchantment.enchantencore.ownership_curse"
	},
	"supported_items": "#minecraft:enchantable/armor",
	"weight": 2,
	"max_level": 1,
	"min_cost": {
		"base": 1,
		"per_level_above_first": 5
	},
	"max_cost": {
		"base": 51,
		"per_level_above_first": 50
	},
	"anvil_cost": 4,
	"slots": [
		"armor"
	],
	"effects": {
		"minecraft:tick": [
			{
				"effect": {
					"type": "minecraft:run_function",
					"function": "enchantencore:ownership_curse"
				},
				"requirements": {
					"condition": "minecraft:entity_properties",
					"entity": "this",
					"predicate": {
						"periodic_tick": 10
					}
				}
			}
		]
	}
}