{
    "description": {
    "translate": "enchantment.enchantencore.poppy_peace"
  },
    "supported_items": "#enchantencore:weapons",
    "exclusive_set": "#enchantencore:exclusive_set/poppy",
    "weight": 2,
    "max_level": 1,
    "min_cost": {
      "base": 25,
      "per_level_above_first": 8
    },
    "max_cost": {
      "base": 55,
      "per_level_above_first": 8
    },
    "anvil_cost": 2,
    "slots": [
      "mainhand"
    ],
    "effects": {
      "minecraft:post_attack": [
        {
          "enchanted": "attacker",
          "affected": "victim",
          "effect": {
            "type": "minecraft:run_function",
            "function": "enchantencore:poppy_peace"
          }
        }
      ]
    }
  }
  