{
    "description": {
    "translate": "enchantment.enchantencore.reach_curse"
  },
    "supported_items": "#enchantencore:all_tools",
    "exclusive_set": "#enchantencore:exclusive_set/reach",
    "weight": 1,
    "max_level": 1,
    "min_cost": {
      "base": 15,
      "per_level_above_first": 9
    },
    "max_cost": {
      "base": 65,
      "per_level_above_first": 9
    },
    "anvil_cost": 4,
    "slots": [
      "mainhand"
    ],
    "effects": {
      "minecraft:attributes": [
        {
          "id": "enchantencore:reachcurse_block",
          "attribute": "minecraft:block_interaction_range",
          "amount": {
            "type": "minecraft:linear",
            "base": -2,
            "per_level_above_first": -2
          },
          "operation": "add_value"
        },
        {
          "id": "enchantencore:reachcurse_entity",
          "attribute": "minecraft:entity_interaction_range",
          "amount": {
            "type": "minecraft:linear",
            "base": -2,
            "per_level_above_first": -2
          },
          "operation": "add_value"
        }
      ]
    }
  }
  