{
	"anvil_cost": 4,
    "description": {
        "translate": "enchantment.enchantencore.wither_protection"
      },
	"effects": {
		"minecraft:damage_protection": [
			{
				"effect": {
					"type": "minecraft:add",
					"value": {
						"type": "minecraft:linear",
						"base": 5,
						"per_level_above_first": 4
					}
				},
				"requirements": {
					"condition": "minecraft:damage_source_properties",
					"predicate": {
						"tags": [
							{
								"expected": true,
								"id": "enchantencore:wither"
							},
							{
								"expected": false,
								"id": "minecraft:bypasses_invulnerability"
							}
						]
					}
				}
			}
		]
	},
	"exclusive_set": "#minecraft:exclusive_set/armor",
	"max_cost": {
		"base": 13,
		"per_level_above_first": 8
	},
	"max_level": 4,
	"min_cost": {
		"base": 5,
		"per_level_above_first": 8
	},
	"slots": [
		"armor"
	],
	"supported_items": "#minecraft:enchantable/armor",
	"weight": 2
}