{
  "values": [
    {
      "id": "#enchantencore:curse",
      "required": false
    },
    {
      "id": "#enchantencore:aura",
      "required": false
    },
    {
      "id": "#enchantencore:protection",
      "required": false
    },
    {
      "id": "#enchantencore:alloy",
      "required": false
    },
    {
      "id": "enchantencore:crab_claw",
      "required": false
    },
    {
      "id": "enchantencore:ender_shot",
      "required": false
    },
    {
      "id": "enchantencore:growth",
      "required": false
    },
    {
      "id": "enchantencore:shrinkage",
      "required": false
    },
    {
      "id": "enchantencore:gallop",
      "required": false
    },
    {
      "id": "enchantencore:handyman",
      "required": false
    },
    {
      "id": "enchantencore:swift_slash",
      "required": false
    },
    {
      "id": "enchantencore:trial_runner",
      "required": false
    },
    {
      "id": "enchantencore:heroes_crown",
      "required": false
    },
    {
      "id": "enchantencore:propeller",
      "required": false
    }
  ]
}
