{
  "values": [
    {
      "id": "#enchantencore:alloy",
      "required": false
    },
    {
      "id": "enchantencore:magma_walker",
      "required": false
    },
    {
      "id": "enchantencore:crop_dance",
      "required": false
    },
    {
      "id": "enchantencore:summer_walker",
      "required": false
    },
    {
      "id": "#enchantencore:aura",
      "required": false
    },
    {
      "id": "enchantencore:grass_walker",
      "required": false
    },
    {
      "id": "enchantencore:electric_walker",
      "required": false
    },
    {
      "id": "enchantencore:cleansing",
      "required": false
    },
    {
      "id": "enchantencore:crab_claw",
      "required": false
    },
    {
      "id": "enchantencore:gallop",
      "required": false
    },
    {
      "id": "enchantencore:ender_shot",
      "required": false
    },
    {
      "id": "enchantencore:growth",
      "required": false
    },
    {
      "id": "enchantencore:shrinkage",
      "required": false
    },
    {
      "id": "enchantencore:invisibility_cloak",
      "required": false
    },
    {
      "id": "enchantencore:lightning_bolt",
      "required": false
    },
    {
      "id": "enchantencore:moonwalk",
      "required": false
    },
    {
      "id": "enchantencore:sting",
      "required": false
    },
    {
      "id": "enchantencore:swift_slash",
      "required": false
    },
    {
      "id": "enchantencore:pegasus",
      "required": false
    },
    {
      "id": "enchantencore:boar_spirit",
      "required": false
    },
    {
      "id": "enchantencore:bear_spirit",
      "required": false
    },
    {
      "id": "enchantencore:scorpion_spirit",
      "required": false
    },
    {
      "id": "enchantencore:propeller",
      "required": false
    },
    {
      "id": "enchantencore:regrowth",
      "required": false
    },
    {
      "id": "enchantencore:plow",
      "required": false
    }
  ]
}
