{
  "parent": "cnk:cookbook/root",
  "criteria": {
    "requirement": {
      "trigger": "minecraft:inventory_changed",
      "conditions": {
        "items": [
          {
            "items": "minecraft:poisonous_potato",
            "components": {
              "minecraft:custom_data": {"cnk":{"ingredient":{"type":"butter_chicken"}},"smithed":{"ignore":{"functionality":true,"crafting":true}}}
            }
          }
        ]
      }
    }
  },
  "rewards": {
    "function": "cnk:cookbook/grant/butter_chicken"
  }
}